name,logo,location,city,company,address,contact,area,price,type,img_url,description,url_website,latitude,longitude
amatista alameda del rio,https://media1.amarilo.com.co/website/s3fs-public/proyectos/2023-10/24.%20LOGO%20AMATISTA%20%281%29.jpg,Alameda del Río,Barranquilla,Amarilo,Av. Circunvalar entre Carreras 38 y 46 ,6016340000,51,195000000,VIS,https://media1.amarilo.com.co/website/s3fs-public/proyectos/2023-10/amatista_-_alameda_del_ri%CC%81o_amatista-amarilo-aprovecha-aptos-en-colombia-nuevos-proyecto-a.jpg,"Descubre Amatista, el proyecto inmobiliario VIS de la Constructora Amarilo en la ciudad Barranquilla.Este conjunto residencial ofrece apartamentos con múltiples comodidades y una ubicación estrategica en la ciudad.Descubre por qué Amatista es la opción ideal para estrenar vivienda y comenzar una nueva vida en la vibrante Barranquilla.",https://amarilo.com.co/proyecto/amatista-alameda-del-rio,10.9923165,-74.8503849
bambu san antonio,https://media1.amarilo.com.co/website/s3fs-public/proyectos/2023-09/32.%20LOGO%20BAMBU%CC%81.jpg,San Antonio,Soledad,Amarilo,Cll 68B Trasv. 1 Sur – 113 Por – Av. Murillo Frente A Granabastos ,6016340000,43,117000000,VIP,https://media1.amarilo.com.co/website/s3fs-public/proyectos/2023-07/bambu_-_san_antonio_apartamentos-en-soledad-amarilo-aprovecha-apartamentos-nuevos-a.jpeg,"Descubre Bambú, un proyecto inmobiliario VIP desarrollado por la Constructora Amarilo en San Antonio, Ciudad Residencial, muy cerca de Barranquilla.",https://amarilo.com.co/proyecto/bambu-san-antonio,10.9147635,-74.7702801
brisas del rio rio alto,https://media1.amarilo.com.co/website/s3fs-public/proyectos/2023-09/36.%20LOGO%20BRISAS%20DEL%20RI%CC%81O.jpg,Río Alto,Barranquilla,Amarilo,Calle 98 # 65A-54 Apto 103 Sala De Venta - Edificio Brisas Del Río,6016340000,87,550000000,NO VIS,https://media1.amarilo.com.co/website/s3fs-public/proyectos/2024-05/render-brisas-del-rio-porteria.webp,"Brisas del Río, una iniciativa de desarrollo urbano llena de exclusividad en el sector de Río Alto, en Barranquilla.",https://amarilo.com.co/proyecto/brisas-del-rio-rio-alto,11.0207852,-74.8205782
ceiba san antonio,https://media1.amarilo.com.co/website/s3fs-public/proyectos/2023-09/31.%20LOGO%20CEIBA.jpg,San Antonio,Soledad,Amarilo,Calle 68B Transversal 1 Sur 113 Avenida Murillo Frente A Granabastos ,6016340000,52,148200000,VIS,https://media1.amarilo.com.co/website/s3fs-public/proyectos/2023-09/entrada-view-ceiba.png,"Descubre el encanto de vivir en Ceiba, un proyecto inmobiliario de casas en Soledad (Atlántico) desarrollado por la Constructora Amarilo.  Un espacio donde cada detalle ha sido pensado para ofrecerte la mejor calidad de vida en una ubicación inigualable.",https://amarilo.com.co/proyecto/ceiba-san-antonio,10.8848203,-74.8114587
corozo san antonio,https://media1.amarilo.com.co/website/s3fs-public/proyectos/2023-11/LOGO-COROZO.webp,San Antonio,Soledad,Amarilo,Cll 68B Trasv. 1 Sur – 113 Por – Av. Murillo Frente A Granabastos Cómo llegar,6016340000,43,117000000,VIS,https://media1.amarilo.com.co/website/s3fs-public/proyectos/2023-11/01_Imagen%20Exterior%20Porteria.webp,"Descubre Corozo, el proyecto perfecto para tu nueva vivienda en Soledad (Atlántico). Diseñado y construido por la Constructora Amarilo, este promete mejorar tu calidad de vida.",https://amarilo.com.co/proyecto/corozo-san-antonio,10.9147635,-74.7702801
flamingo alameda del rio,https://media1.amarilo.com.co/website/s3fs-public/proyectos/2023-09/26.%20LOGO%20FLAMINGO.jpg,Alameda del Río,Barranquilla,Amarilo,Avenida Circunvalar Entre Cra 38 Y 46 Cómo llegar,6016340000,63,311800000,NO VIS,https://media1.amarilo.com.co/website/s3fs-public/proyectos/2023-07/apartamentos_en_barranquilla_amarilo_flamingo_c.jpeg,"Descubre Flamingo, un excepcional proyecto de vivienda No VIS en Alameda del Río, Barranquilla.Este desarrollo inmobiliario combina diseño, comodidad y una ubicación privilegiada para estrenar vivienda en una de las ciudades más prósperas del país.",https://amarilo.com.co/proyecto/flamingo-alameda-del-rio,10.9961604,-74.8404779
lira alameda del rio,https://media1.amarilo.com.co/website/s3fs-public/proyectos/2023-11/logo-lira-1.webp,Alameda del Río,Barranquilla,Amarilo,Avenida circunvalar entre cra 38 y 46 Cómo llegar,6016340000,67,370000000,NO VIS,https://media1.amarilo.com.co/website/s3fs-public/proyectos/2023-11/render-lira-piscina.webp,"Descubrir el espacio ideal para ti y tu familia es una de las decisiones más significativas en la vida. En el corazón de Barranquilla surge Lira, un proyecto inmobiliario en Barranquilla que promete transformar tus sueños en una tangible realidad.La Constructora Amarilo, reconocida por su solidez y compromiso con la calidad, es la encargada de dar vida a este magnífico proyecto de vivienda.Al adentrarte en el mundo de Lira, te sumerges en una experiencia residencial única, caracterizada por la fusión perfecta entre comodidad, estilo y funcionalidad.",https://amarilo.com.co/proyecto/lira-alameda-del-rio,10.9961604,-74.8404779
mirador cienaga ciudad mallorquin,https://media1.amarilo.com.co/website/s3fs-public/proyectos/2023-09/37.%20LOGO%20MIRADOR%20DE%20LA%20CIENAGA.jpg,Ciudad Mallorquin,Puerto Colombia,Amarilo,"Ediempresarial, Cra 53 #110 Esquina, Local 5 Cómo llegar",6016340000,56,175500000,TOPE VIS,https://media1.amarilo.com.co/website/s3fs-public/proyectos/2023-07/mirador_de_la_cienaga_-_ciudad_mallorquin_apartamentos-en-barranquilla-amarilo-mirador-aprovecha-nuevos-aptos-a.jpeg,"Descubre Mirador de la Ciénaga, un proyecto inmobiliario Tope VIS de la Constructora Amarilo en Puerto Colombia, muy cerca de Barranquilla.",https://amarilo.com.co/proyecto/mirador-cienaga-ciudad-mallorquin,11.007984,-74.248926
monterivera lago alto,https://media1.amarilo.com.co/website/s3fs-public/proyectos/2023-09/35.%20LOGO%20MONTERIVERA.jpg,Lago Alto,Barranquilla,Amarilo,Carrera 65A # 99C Esquina Cómo llegar,6016340000,124,1009600000,NO VIS,https://media1.amarilo.com.co/website/s3fs-public/proyectos/2024-01/fachada.webp,"Monterivera, es la opción exclusiva de la constructora Amarilo en Barranquilla, con calidad de vida y ubicación estratégica en la ciudad.Si quieres estrenar vivienda, en Monterivera podrás disfrutar de la nueva Barranquilla, en una zona exclusiva que ofrece amplias zonas verdes y una vibrante vida cultural a su alrededor.",https://amarilo.com.co/proyecto/monterivera-lago-alto,11.0208017,-74.82375259999999
palmar cienaga ciudad mallorquin,https://media1.amarilo.com.co/website/s3fs-public/proyectos/2023-09/38.%20LOGO%20PALMAR%20DE%20LA%20CIENAGA.jpg,Ciudad Mallorquin,Puerto Colombia,Amarilo,"Bc Empresarial, Cra 53 #110 Esquina, Local 5 Cómo llegar",6016340000,55,175500000,TOPE VIS,https://media1.amarilo.com.co/website/s3fs-public/proyectos/2023-03/palmar-de-la-cienaga-amarilo-aprovecha-aptos-en-barranquilla-amarilo-c.jpeg,"Descubre ""Palmar de la Ciénaga"", el proyecto inmobiliario de ensueño en Puerto Colombia (Atlántico).Un espacio diseñado por la reconocida Constructora Amarilo, perfecto para estrenar vivienda en uno de los destinos más deseados de la región.",https://amarilo.com.co/proyecto/palmar-cienaga-ciudad-mallorquin,11.007984,-74.248926
picaflor alameda del rio,https://media1.amarilo.com.co/website/s3fs-public/proyectos/2023-09/27.%20LOGO%20PICAFLOR.jpg,Alameda del Río,Barranquilla,Amarilo,"Av. Circunvalar Entre Carreras 38 Y 46, Al Lado Del Hyundai Cómo llegar",6016340000,58,195000000,TOPE VIS,https://media1.amarilo.com.co/website/s3fs-public/proyectos/2023-07/picaflor-amarilo-aprovecha-aptos-en-colombia-barranquilla-a.jpeg,"Descubre Picaflor, el proyecto Tope VIS para estrenar vivienda en Alameda del Río, de Constructora Amarilo.",https://amarilo.com.co/proyecto/picaflor-alameda-del-rio,10.9961604,-74.8404779
reserva de la cienaga,https://media1.amarilo.com.co/website/s3fs-public/proyectos/2024-04/logo-proyecto-reserva-cienaga.webp,Ciudad Mallorquín,Puerto Colombia,Amarilo,"Edificio BC Empresarial, Cra 53 #110 Esquina, Local 5 Cómo llegar",6016340000,55,175500000,TOPE VIS,https://media1.amarilo.com.co/website/s3fs-public/proyectos/2024-04/render-reserva-cienaga-fachada.webp,"Llega el nuevo proyecto de Amarilo, “Reserva de la Ciénaga”, una ventana a la vida que siempre has soñado, en una ubicación estratégica dentro de Ciudad Mallorquín.En Amarilo, estamos emocionados de presentarte este proyecto de vivienda, nuestra más reciente joya incrustada en el vibrante panorama de Puerto Colombia.Reserva de la Ciénaga no es solo un conjunto de viviendas; es el inicio de la vida que mereces, enmarcada en la majestuosidad de Ciudad Mallorquín, un desarrollo pensado para quienes buscan más que un lugar para vivir: buscan un hogar donde florecer.",https://amarilo.com.co/proyecto/reserva-de-la-cienaga,11.0235254,-74.8456874
silbador alameda del rio,https://media1.amarilo.com.co/website/s3fs-public/proyectos/2023-09/25.%20LOGO%20SILBADOR.jpg,Alameda Del Rio,Barranquilla,Amarilo,"Av. Circunvalar Entre Carreras 38 Y 46, Al Lado Del Hyundai Cómo llegar",6016340000,56,180700000,TOPE VIS,https://media1.amarilo.com.co/website/s3fs-public/proyectos/2023-09/silbador-cancha.png,"Emprender un viaje hacia tu nuevo hogar en Barranquilla ahora es más emocionante que nunca con Silbador, un proyecto de vivienda de la Constructora AmariloImagina vivir en una vivienda diseñada especialmente para ti y tu familia, en el epicentro de un desarrollo urbanístico que promete innovación y comodidad.Alameda del Río no es solo un sector, es la visión de una “Ciudad dentro de la Ciudad”. Y en su corazón se alza Silbador, dispuesto a ofrecerte una experiencia de vivienda sin parangón en la vibrante ciudad de Barranquilla.",https://amarilo.com.co/proyecto/silbador-alameda-del-rio,10.9961604,-74.8404779
yarumo san antonio,https://media1.amarilo.com.co/website/s3fs-public/proyectos/2023-09/30.%20LOGO%20YARUMO.jpg,San Antonio,Soledad ,Amarilo,"Cll 68B Trasv. 1 Sur - 113 Por - Av. Murillo, Entrando por la nevada de Sobusa Cómo llegar",6016340000,61,169000000,VIS,https://media1.amarilo.com.co/website/s3fs-public/proyectos/2023-07/apartamentos_en_la_soledad_amarilo_yarumo_porteria.jpeg,"Descubre el proyecto residencial Yarumo, construido por Constructora Amarilo en San Antonio, Ciudad Residencial, ubicado en Soledad (Atlántico), para que puedas vivir en el hogar de tus sueños.",https://amarilo.com.co/proyecto/yarumo-san-antonio,10.9147635,-74.7702801
Ciudad del Parque El Cocuy,https://www.estrenarvivienda.com/sites/default/files/node-project/field-project-logo/estrenar_vivienda_marval_ciudad_del_parque_el_cocuy-01.jpg,Ciudad del Parque,Soledad,Marval,Carrera 12G con Calle 76,(607) 633 3987,43.28,142942000,VIP,https://marval.com.co/wp-content/uploads/2023/03/marval-galeria-ciudad-del-parque-el-cocuy-20240123-1.jpg,"Ciudad del Parque El Cocuy se desarrolla en una zona de gran crecimiento urbanístico donde podrás disfrutar de ambientes naturales y cómodos espacios para el bienestar de tu familia. Como parte de la Nueva Soledad, el sector presenta una gran capacidad de valorización, con múltiples vías de acceso, cercano a varios espacios educativos y comerciales.",https://marval.com.co/proyecto/ciudad-del-parque-el-cocuy/,10.9077625,-74.8162699
Ciudad del Parque Bari,https://www.estrenarvivienda.com/sites/default/files/node-project/field-project-logo/logo-ciudad-del-parque-bari.jpg,Ciudad del Parque,Soledad,Marval,Carrera 12G con Calle 76,(607) 633 3987,37.81,132665000,VIP,https://marval.com.co/wp-content/uploads/2023/01/marval-galeria-ciudad-del-parque-bari-20240123-1.jpg,"Ciudad del Parque Bari se desarrolla en una zona de gran crecimiento urbanístico donde podrás disfrutar de ambientes naturales y cómodos espacios para el bienestar de tu familia. Como parte de la Nueva Soledad, el sector presenta una gran capacidad de valorización, con múltiples vías de acceso, cercano a varios espacios educativos y comerciales.",https://marval.com.co/proyecto/bari/,10.9051099,-74.811668
Ciudad del Parque Tayrona II – Apartamentos,https://www.estrenarvivienda.com/sites/default/files/node-project/field-project-logo/logo-ciudad-del-parque-tayrona.jpg,Ciudad del Parque,Soledad,Marval,Carrera 12G con Calle 76,(607) 633 3987,71.20,195000000,VIP,https://marval.com.co/wp-content/uploads/2023/01/marval-galeria-ciudad-del-parque-tayrona-2-aptos-20240125-1.jpg,"Se encuentra ubicado en el desarrollo urbanístico conocido como Ciudad del Parque, ubicado en el municipio de Soledad, Este es un sector de gran desarrollo urbano, con parques de cesión pública y vías de perfil amplio. Al frente del conjunto hay una importante área de cesión en la cual se desarrollará un gran parque con zonas verdes, cancha, áreas de recreación pasiva y activa y senderos peatonales. Como parte de la nueva Soledad, el sector cuenta con múltiples vías de acceso, cercano a varios espacios educativos y comerciales. Podrás disfrutar de ambientes naturales y cómodos espacios para el bienestar de tu familia",https://marval.com.co/proyecto/ciudad-del-parque-tayrona-ii/,10.9096581,-74.8156
Ciudad del Parque Los Flamencos,https://marval.com.co/wp-content/uploads/2022/03/Grupo-429.png,Ciudad del Parque,Soledad,Marval,Carrera 12G con Calle 76,(607) 633 3987,57.28,200870000,VIP,https://marval.com.co/wp-content/uploads/2023/01/marval-galeria-ciudad-del-parque-los-flamencos-20240125-1.jpg,"Flamencos es un proyecto de Vivienda de Interés Social ubicado en Ciudad del Parque la ciudadela habitacional más grande de Soledad, un lugar ideal para las familias que piensan en su futuro, su bienestar y mejorar su calidad de vida. Un sector en expansión que se ha posicionado por un amplio desarrollo de áreas de recreación, parques, ciclorutas, oferta institucional y comercial, así como servicios públicos y viales.",https://marval.com.co/proyecto/los-flamencos/,10.9077625,-74.8162699
Solario,https://marval.com.co/wp-content/uploads/2022/03/Grupo-429.png,Ciudad del Parque,Soledad,Marval,Carrera 30 con Calle 25 - 350,(607) 633 3987,60.94,193855000,VIP,https://marval.com.co/wp-content/uploads/2023/01/marval-galeria-solario-20230928-01.jpg,"Solario es un proyecto ubicado en una zona de alto desarrollo urbano en Soledad, al sur oriente de la ciudad con acceso a importantes vías. Este proyecto está diseñado estratégicamente para que cada persona, encuentre lo que necesita sin salir de casa; tendrá además, una amplía zona comercial con cercanía al Centro Comercial Gran Plaza del Sol, el Colegio Nuestra Señora de Fátima y el Hospital Universitario del Norte. Internamente tendremos beneficios como, club house, zona de juegos, zonas verdes, piscina y mucho más.",https://marval.com.co/proyecto/solario/,10.9077625,-74.8162699
Ciudad del Parque Acandí,https://www.estrenarvivienda.com/sites/default/files/styles/project_brand_style/public/node-project/field-project-logo/logo100estrenarvivienda_61.jpg?itok=CqoAubhC,Ciudad del Parque,Soledad,Marval,Carrera 12G con Calle 76,(607) 633 3987,61.23,132761000,VIP,https://marval.com.co/wp-content/uploads/2022/10/marval-galeria-ciudad-del-parque-acandi-20240125-1.jpg,"Ciudad del Parque Acandí se desarrolla en una zona de gran crecimiento urbanístico donde podrás disfrutar de ambientes naturales y cómodos espacios para el bienestar de tu familia. Como parte de la Nueva Soledad, el sector presenta una gran capacidad de valorización, con múltiples vías de acceso, cercano a varios espacios educativos y comerciales. Sitios de interés cercanos: – Colegio Liceo Mayor de Soledad Rafael Uribe Lacouture – Olímpica – Terminal de Transporte – Iglesia San Pancracio – C.C. Portal de Soledad – Portal de Transmetro Soledad",https://marval.com.co/proyecto/ciudad-del-parque-acandi/,10.9096249,-74.8149115
Ciudad del Parque Salamanca,https://www.estrenarvivienda.com/sites/default/files/node-project/field-project-logo/logo-ciudad-del-parque-salamnca_0.jpg,Ciudad del Parque,Soledad,Marval,Carrera 12G con Calle 76,(607) 633 3987,37.81,174508000,VIP,https://marval.com.co/wp-content/uploads/2022/10/marval-ciudad-del-parque-salamanca-20240123-1.jpg,"Soledad es un sector muy importante en el Caribe Colombiano por varías razones: es patrimonio cultural y artístico, es eje de desarrollo industrial, de vivienda y de bienestar. Este conjunto de razones y muchas más benefician a un nuevo conjunto de vivienda VIS en este sector: Ciudad del Parque Salamanca, un proyecto ideal para vivir o para invertir. Ciudad del Parque Salamanca, donde tu bienestar está en el mejor lugar, contempla 240 unidades de apartamentos distribuidos en 12 torres conformadas por modelos dobles de 4 apartamentos por piso con áreas desde 52,07 m².",https://marval.com.co/proyecto/ciudad-del-parque-salamanca/,10.9055588,-74.8102049
Ciudad del Parque Nukak,https://www.estrenarvivienda.com/sites/default/files/styles/project_brand_style/public/node-project/field-project-logo/logo-ciudad-del-parque-el-nukak.jpg?itok=9wtYzOpx,Ciudad del Parque,Soledad,Marval,Carrera 12G con Calle 76,(607) 633 3987,37.81,126322000,VIP,https://marval.com.co/wp-content/uploads/2022/10/marval-galeria-ciudad-del-parque-nukak-20240123-1.jpg,"El proyecto CIUDAD DEL PARQUE NUKAK consta de 680 apartamentos VIS, con áreas entre los 52.07m². aprox., en torres de 5 pisos, y un área total construida en vivienda de aproximadamente 34.000 m². Cuenta con 363 estacionamientos al interior del conjunto, de los cuales 227 son comunales para residentes y 136 para visitantes cumpliendo con la normativa legal vigente. El proyecto está planteado como un conjunto multifamiliar semi-cerrado, las zonas sociales están conformadas por la portería, zonas verdes y recreativas, zonas de servicios generales y técnicas, además 2 locales comerciales exteriores.",https://marval.com.co/proyecto/ciudad-del-parque-nukak/,10.9035047,-74.8169458
Riverblue,https://www.estrenarvivienda.com/sites/default/files/styles/project_brand_style/public/logo-proyectos/images/2024-04/Formato-estrenar-vivienda-imagenes.jpg?itok=isrTbI6s,Satelite Riverside,Barranquilla,Marval,Calle 98 con Carrera 65 Esquina,(607) 633 3987,56.13,227420000,VIP,https://marval.com.co/wp-content/uploads/2024/01/riverblue-20240429-galeria-1.webp,"Riverblue es un innovador proyecto de Vivienda de Interés Social ubicado en norocciente de Barranquilla que reúne un diseño vanguardista y moderno con espacios abiertos, en una de las zonas de más desarrollo en la ciudad, Riomar. Con espacios para que conectes con tu vida y te reencuentres con la naturaleza, aprovechando su ubicación que te ofrece un estilo de vida único y todas las zonas comunes que buscas para ti y tu familia.",https://marval.com.co/proyecto/riverblue/,11.0210534,-74.8212242
Palmanova,https://www.estrenarvivienda.com/sites/default/files/node-project/field-project-logo/palmanova-1000_1000.png,Ciudad Mallorquin,Puerto Colombia,Marval,Calle 100 con carrera 52 esquina ,(607) 633 3987,46.70,175500000,VIP,https://marval.com.co/wp-content/uploads/2023/07/marval-galeria-palmanova-20240527-1.webp,"El proyecto PALMANOVA, es un conjunto tipo VIS se encuentra ubicado en el desarrollo urbanístico Ciudad Mallorquín, en el municipio de Puerto Colombia al noroccidente del departamento del Atlántico. Este proyecto está próximo a grandes hitos urbanos como la Universidad del Norte, el Colegio Parrish y el Hotel Marriot, además de vías importantes como la Carrera 53 y la Av. Olaya Herrera. Ciudad Mallorquín está ubicado estratégicamente en una de las principales zonas de desarrollo del Municipio de Puerto Colombia. Plantea la construcción de un parque urbano que se convertirá en el pulmón verde del nuevo sector, donde su principio fundamental es la conservación del entorno natural existente. Se complementará con ciclovías y amplios andenes que promueven una movilidad sostenible.",https://marval.com.co/proyecto/palmanova/,11.0212047,-74.8458701
Puerta Dorada Natura,https://www.estrenarvivienda.com/sites/default/files/styles/project_brand_style/public/node-project/field-project-logo/proyecto_nuevo_-_2023-07-28t114533.849.jpg?itok=WOTxzMMW,Puerta Dorada,Barranquilla,Marval,Calle 100 # 18 sur - 100,(607) 633 3987,46.15,127530000,VIP,https://marval.com.co/wp-content/uploads/2023/07/marval-galeria-puerta-dorada-natura-20230926-01.jpg,"Increíbles amenidades y apartamentos diseñados para ti y tu familia en un entorno de conexión natural, para vivir mientras disfrutas tu nuevo estilo de vida. Con una ubicación privilegiada en Puerta Dorada, Barranquilla, este desarrollo urbano te brinda el escenario perfecto para crear memorias inolvidables. Podrás acceder fácilmente al futuro Centro Comercial Plaza Dorada, Centro Comercial Metrocentro, Estadio Metropolitano, Terminal de Transportes de Barranquilla, la Clínica VIDA, entre otros. Un área urbana en constante crecimiento, rodeada por zonas verdes, parques, alamedas y plazoletas con amplios espacios al aire libre que te harán compartir momentos de calidad con los que más quieres.",https://marval.com.co/proyecto/puerta-dorada-natura/,10.9214139,-74.8310596
Amaretto,https://www.estrenarvivienda.com/sites/default/files/node-project/field-project-logo/proyecto_nuevo_-_2023-05-31t110253.712.jpg,Miramar,Barranquilla,Marval,Calle 100 con Transversal 43C esquina,(607) 633 3987,54.70,281457000,VIP,https://marval.com.co/wp-content/uploads/2023/04/web-marval-amaretto-20231206-1.jpg,"Con la mejor vista panorámica al parque Miramar. Este complejo residencial cuenta con espacios modernos y equipados para compartir con amigos y familiares. En Amaretto apartamentos, nos aseguramos de que disfrutes de una distribución eficiente y bien pensada para tu comodidad para que tu familia y tú puedan disfrutar al máximo de la vida.",https://marval.com.co/proyecto/amaretto/,11.0059467,-74.8362835
Puerta Dorada Coralina,https://olglass.com.co/uploads/1/2020-05/CAROLINA-1000.png,Puerta Dorada,Barranquilla,Marval,Calle 100 # 18 sur - 100,(607) 633 3987,57.08,182000000,VIP,https://marval.com.co/wp-content/uploads/2023/03/marval-galeria-puerta-dorada-coralina-20230913-02.jpg,"Puerta Dorada Coralina se desarrolla en el área metropolitana de Barranquilla, en uno de los sectores de mayor proyección, crecimiento y valorización del Caribe Colombiano. Este lugar cuenta con un área de 60 hectáreas cuyo desarrollo urbanístico integrará 10.000 soluciones de vivienda social construidas, 4 parques, grandes zonas verdes y recreativas. CORALINA esta es tu oportunidad de vivir con los beneficios que te ofrece la nueva Barranquilla.",https://marval.com.co/proyecto/puerta-dorada-coralina/,10.9252772,-74.83289189999999
Siena,https://marval.com.co/wp-content/uploads/2022/03/Grupo-429.png,Miramar,Barranquilla,Marval,Calle 100 con Transversal 43C esquina,(607) 633 3987,64.50,357892000,NO VIS,https://marval.com.co/wp-content/uploads/2023/03/marval-siena-ACCESO_01-1170x785.jpg,"Siena se encuentra estratégicamente ubicado en Miramar, el lugar donde se desarrolla la Barranquilla moderna. Aquí tu inversión crece mientras disfrutas increíbles zonas sociales, así como resulta muy práctico movilizarse a cualquier punto de la ciudad. Vías de acceso principales que favorecen tu movilidad: Avda. Olaya Herrera, calle 100, transversal 43A, 43B y prolongación de la carrera 43 que tendrá conexión con la circunvalar. Sitios de interés cercanos: – C.C. Buenavista – C.C. Miramar – Gimnasio Bodytech – Aeropuerto Ernesto Cortissoz – Servicio de Transmetro – Alkosto – Homecenter – Universidad Autónoma del Caribe",https://marval.com.co/proyecto/siena/,11.0031109,-74.8346296
Dimaro,https://www.estrenarvivienda.com/sites/default/files/node-project/field-project-logo/logo_dimaro.jpg,Miramar,Barranquilla,Marval,Calle 100 con Transversal 43C esquina,(607) 633 3987,74.61,393841000,VIP,https://marval.com.co/wp-content/uploads/2022/12/dimaro-20240529-galeria-3.webp,"Los sueños se hacen realidad en Miramar, gracias a Dimaro, un nuevo proyecto con áreas construidas entre los 74 m² y los 85,3 m². El urbanismo de este sector se desarrolla pensando en los deseos de las personas y todo eso que quieren vivir una vez que tomen la decisión de vivir en esta nueva Barranquilla.",https://marval.com.co/proyecto/dimaro/,11.0085314,-74.838352
Génova,https://www.estrenarvivienda.com/sites/default/files/node-project/field-project-logo/genova-logo.jpg,Miramar,Barranquilla,Marval,Calle 100 con Transversal 43C esquina,(607) 633 3987,44.44,263845000,VIP,https://marval.com.co/wp-content/uploads/2022/12/marval-galeria-genova-20230921-15.jpg,"¡Comodidad para toda la familia! Ubicado en Miramar, un sector con ubicación estratégica que se encuentra rodeado de parques con amplias zonas verdes y la calidez que se respira en la Puerta de Oro de Colombia por su clima y su gente. Un urbanismo característico desarrollado alrededor de la zona pensando en los que quieren vivir en la nueva Barranquilla. Cuenta con importantes vías que conectan Miramar con el resto de la ciudad. ¡Atrévete a soñarlo, la decisión se toma sola!",https://marval.com.co/proyecto/genova/,11.0031109,-74.8346296
Aquanova,https://www.estrenarvivienda.com/sites/default/files/node-project/field-project-logo/logo-aquanova.jpg,Ciudad Mallorquin,Puerto Colombia,Marval,Calle 100 con carrera 52 esquina,(607) 633 3987,46.99,175500000,VIP,https://marval.com.co/wp-content/uploads/2022/12/marval-galeria-aquanova-01.jpg,"El proyecto Aquanova, es un conjunto tipo VIS se encuentra ubicado en el desarrollo urbanístico Ciudad Mallorquín, en el municipio de Puerto Colombia al noroccidente del departamento del Atlántico. Este proyecto está próximo a grandes hitos urbanos como la Universidad del Norte, el Colegio Parrish y el Hotel Marriot, además de vías importantes como la Carrera 53 y la Av. Olaya Herrera. Ciudad Mallorquín está ubicado estratégicamente en una de las principales zonas de desarrollo del Municipio de Puerto Colombia. Plantea la construcción de un parque urbano que se convertirá en el pulmón verde del nuevo sector, donde su principio fundamental es la conservación del entorno natural existente. Se complementará con ciclovías y amplios andenes que promueven una movilidad sostenible.",https://marval.com.co/proyecto/aquanova/,11.0215433,-74.8444519
Puerta Dorada Cristalina,https://www.estrenarvivienda.com/sites/default/files/node-project/field-project-logo/logo-puerta-dorada-cistalina.jpg,Puerta Dorada,Barranquilla,Marval,Calle 100 # 18 sur - 100,(607) 633 3987,70.30,195000000,VIP,https://marval.com.co/wp-content/uploads/2022/12/puerta-dorada-cristalina-marval-20240220-galeria-1.jpg,"El proyecto Cristalina se encuentra ubicado en el desarrollo urbanístico de Puerta Dorada. Es un conjunto de viviendas tipo VIS. Alrededor de un sector de gran desarrollo urbanístico con parques de cesión pública y vías de perfil generoso. Ideal para la comodidad, el confort y el disfrute de sus habitantes. Puerta Dorada consta de 17 torres de 11 pisos cada una y cuatro apartamentos por piso para un total de 748 apartamentos, con áreas de 57,71m² y 70,30m². Cuenta con un total de 298 estacionamientos para vehículos (191 residentes y 107 visitantes) y 125 estacionamientos para motos, localizados en un edificio de parqueaderos de cuatro pisos y otra parte en superficie. Cuenta con dos acceso peatonales y un completo equipamiento comunal.",https://marval.com.co/proyecto/cristalina/,10.9273232,-74.83232939999999
Puerta Dorada Marisma,https://www.estrenarvivienda.com/sites/default/files/node-project/field-project-logo/puerta-dorada-marismalogo.jpg,Puerta Dorada,Barranquilla,Marval,Calle 100 # 18 sur - 100,(607) 633 3987,54.74,198296000,VIP,https://marval.com.co/wp-content/uploads/2022/12/marval-puerta-dorada-marisma-galeria-20240220-1.jpg,"Puerta Dorada es la NUEVA Barranquilla. Puerta Dorada se desarrolla en el área metropolitana de Barranquilla, en uno de los sectores de mayor proyección, crecimiento y valorización del Caribe Colombiano. Este lugar cuenta con un área de 60 hectáreas cuyo desarrollo urbanístico integrará 10.000 soluciones de vivienda social construidas, 4 parques, grandes zonas verdes y recreativas.",https://marval.com.co/proyecto/marisma/,10.9231241,-74.8306345
La Plazuela,https://www.estrenarvivienda.com/sites/default/files/node-project/field-project-logo/logo100estrenarvivienda_65.jpg,La plazuela,Barranquilla,Marval,Calle 53 con Carrera 54 esquina,(607) 633 3987,69.03,373058000,VIP,https://marval.com.co/wp-content/uploads/2023/05/marval-mapa-LA-PLAZUELA.png,"Un proyecto diseñado con las ventajas de tenerlo todo alrededor. 732 apartamentos construidos con características que encierran una distribución ideal, exclusivas zonas de bienestar y una torre con 732 parqueaderos privados y 146 estacionamientos para visitantes. Vías de acceso principales que favorecen tu movilidad: Calle 53 entre carrera 44 y 45. El proyecto está diseñado con las ventajas de tenerlo todo a su alrededor, cuenta con características que encierran una distribución ideal y exclusiva en todas sus zonas y espacios que brindan confort y bienestar para toda tu familia. Su zona social cuenta con gimnasio, juegos infantiles, piscina familiar, salón de eventos, zonas verdes, entre otras amenidades que te regalarán nuevas experiencias. Su ubicación es céntrica. Sitios de interés cercanos: – Homecenter – Plaza de la Paz – C.C. Portal del Prado – Colegio María Auxiliadora – Universidad Libre – Universidad Santo Tomás – Catedral Metropolitana María Reina de Barranquilla – Estación La Catedral de Transmetro",https://marval.com.co/proyecto/la-plazuela/,10.9874395,-74.78912749999999
Altos del Parque,https://marval.com.co/wp-content/uploads/2022/03/Grupo-429.png,Miramar,Barranquilla,Marval,Calle 100 con Transversal 43C esquina,(607) 633 3987,85.97,438952000,VIP,https://marval.com.co/wp-content/uploads/2022/12/Mapa-Barranquilla-Altos-Del-Parque.png,"Altos del Parque está ubicado en Villa Carolina, una zona con excelente valorización y desarrollo. Sus cómodas vías de acceso hacen que su ubicación residencial sea la ideal para que disfrutes de todos los beneficios que ofrece a su alrededor, estarás cerca al Servicio de Transmetro, a Homecenter y a los centros comerciales Buena Vista y Villa Carolina. Los espacios, áreas y sus diferentes zonas están diseñadas para brindarte comodidad y exclusividad. Disfrutarás de gimnasio, juegos infantiles, kiosko social, piscinas, parqueadero y zonas verdes. Sin duda estos espacios serán ideales para tu familia.",https://marval.com.co/proyecto/altos-del-parque/,11.0203271,-74.817781
Vallarta,https://www.estrenarvivienda.com/sites/default/files/node-project/field-project-logo/logo100estrenarvivienda_67.jpg,Barrio La Castellana,Barranquilla,Marval,Calle 100 con carrera 52 esquina,(607) 633 3987,120.46,872985000,VIP,https://marval.com.co/wp-content/uploads/2022/12/marval-galeria-20240503-vallarta-2.webp,"El clima cálido y la alegría de la gente de Barranquilla nos inspiró para construir, el más ambicioso proyecto en el sector de Buenavista.En Vallarta el diseño arquitectónico impecable se suma a su gran ubicación, la cercanía con los centros comerciales más importantes de la ciudad y la excelente infraestructura vial, que lo convierten en el lugar ideal para vivir.Vallarta es la decisión correcta para quienes encuentran en la diversión sin límites un sinónimo de buen gusto.",https://marval.com.co/proyecto/vallarta/,11.0121335,-74.8297209
Riverside,https://www.estrenarvivienda.com/sites/default/files/node-project/field-project-logo/logo-riserside.jpg,Barrio La Castellana,Barranquilla,Marval,Calle 100 con carrera 52 esquina,(607) 633 3987,80.28,515003000,VIP,https://marval.com.co/wp-content/uploads/2022/12/riverside-20240422-galeria-1.webp,"Reunir la naturaleza y la tranquilidad en un solo lugar, es construir el espacio ideal para vivir en armonía total. Por eso, elegir Riverside, es elegir el balance entre comodidad y exclusividad. Aquí, tu vecino preferido será el río, tu plan favorito será el descanso, tu despertador será el trinar de las aves y la conexión será con lo natural. Ubicado en el plan zonal Ríomar, sector Lago Alto, al noroccidente de la ciudad de Barranquilla, Riverside hace parte de un gran desarrollo urbano, que contempla actividades comerciales, residenciales, deportivas, recreativas e institucionales.",https://marval.com.co/proyecto/riverside/,11.0121335,-74.8297209
Bolonia,https://www.estrenarvivienda.com/sites/default/files/node-project/field-project-logo/logo100estrenarvivienda_68.jpg,Miramar,Barranquilla,Marval,Calle 100 con Transversal 43C esquina,(607) 633 3987,97.27,503376000,VIP,https://marval.com.co/wp-content/uploads/2022/10/marval-galeria-miramar-bolonia-20231010-1.jpg,"Bolonia está localizado en Miramar, lugar donde se desarrolla la Barranquilla moderna. Este complejo residencial te ofrece todas las comodidades y espacios para que tú y tu familia se den el lujo de vivir las experiencias más enriquecedoras. Sus zonas sociales cuentan con ciclo ruta, guardería, gimnasio, piscinas, sala de negocios, teatrino, turco, zona canica y otras amenidades que te brindarán grandes recuerdos con tu familia. Sitios de interés cercanos: – C.C. Buenavista – Gimnasio Bodytech – Servicio de Transmetro – Alkosto – C.C. Mirarmar – Homecenter – Universidad Autónoma del Caribe – Makro",https://marval.com.co/proyecto/bolonia/,11.0031109,-74.8346296
Firenze,https://www.estrenarvivienda.com/sites/default/files/node-project/field-project-logo/logo100estrenarvivienda_69.jpg,Miramar,Barranquilla,Marval,Calle 100 con Transversal 43C esquina,(607) 633 3987,48.10,195000000,VIP,https://marval.com.co/wp-content/uploads/2022/10/Lobby_Baja-firenze-marval-1-1170x785.jpg,"Firenze se encuentra estratégicamente ubicado en Miramar, el lugar donde se desarrolla la Barranquilla moderna. Aquí tu inversión crece mientras disfrutas increíbles zonas sociales, así como resulta muy práctico movilizarse a cualquier punto de la ciudad. Vías de acceso principales que favorecen tu movilidad: Avenida Olaya Herrera, calle 100, transversal 43A, 43B y prolongación de la carrera 43 que tendrá conexión con la circunvalar. Sitios de interés cercanos: – C.C. Buenavista – C.C. Miramar – Gimnasio Bodytech – Aeropuerto Ernesto Cortissoz – Servicio de Transmetro – Alkosto – Homecenter – Universidad Autónoma del Caribe",https://marval.com.co/proyecto/firenze/,10.9992728,-74.83550869999999
Napoli,https://www.estrenarvivienda.com/sites/default/files/node-project/field-project-logo/logo100estrenarvivienda_64.jpg,Miramar,Barranquilla,Marval,Calle 100 con Transversal 43C esquina,(607) 633 3987,57.40,268672000,VIP,https://marval.com.co/wp-content/uploads/2022/10/Napoli_Acceso.jpg,"Napoli se encuentra en el sector de Miramar, lugar donde se desarrolla la Barranquilla moderna. Con espacios dedicados al esparcimiento y entretenimiento. Su completo equipamiento comunal, zonas verdes, recreativas y zonas de servicios generales te brindan un concepto de vivienda competitiva y asequible dentro del sector. Disfrutarás tu hogar mientras crece tu inversión. Sus vías principales de acceso favorecen tu movilidad: Avenida. Olaya Herrera, calle 100, transversal 43ª, 43B y prolongación de la carrera 43 que tendrá conexión con la circunvalar. Sitios de interés cercanos: – C.C. Buenavista – C.C. Miramar – Gimnasio Bodytech – Aeropuerto Ernesto Cortissoz – Servicio de Transmetro – Alkosto – Homecenter – Universidad Autónoma del Caribe",https://marval.com.co/proyecto/napoli/,11.0053435,-74.8379393
Puerta Dorada Arrecife,https://www.estrenarvivienda.com/sites/default/files/node-project/field-project-logo/puerta-dorada-arrecofe-logo.jpg,Puerta Dorada,Barranquilla,Marval,Calle 100 # 18 sur - 100,(607) 633 3987,49.44,175500000,VIP,https://marval.com.co/wp-content/uploads/2022/10/marval-galeria-puerta-dorada-arrecife-20240125-1.jpg,"En la búsqueda permanente de lograr mejoras en nuestros proyectos, se determinó reubicar el proyecto Arrecife en un terreno de mayor área que pudiera ofrecer mejores características urbanísticas y arquitectónicas que pretenden consolidar Puerta Dorada Arrecife como un proyecto representativo de ciudad Puerta Dorada. Estas mejoras, son pensadas en pro de tu comodidad; buscando siempre un beneficio para toda tu familia. Además de encontrarse en un sector de gran desarrollo urbano, con parques de cesión pública, vías de perfil generoso y gran potencial de valorización, busca la comodidad, el confort y el disfrute de sus habitantes. Consta de 1002 apartamentos en 25 torres, 16 torres de 5 pisos, y 9 torres de 11 pisos. Cuenta con 295 estacionamientos comunales (1 cada 4 viviendas) y 143 estacionamientos para visitantes (1 cada 7 viviendas), 14 estacionamientos para discapacitados, 31 parqueaderos para motos y 84 parqueaderos para bicicletas.",https://marval.com.co/proyecto/puerta-dorada-arrecife/,10.9236929,-74.8296238
Puerta Dorada El Lago,https://marval.com.co/wp-content/uploads/2022/03/Grupo-429.png,Puerta Dorada,Barranquilla,Marval,Calle 100 # 18 sur - 101,(607) 633 3987,68.92,195000000,VIP,https://marval.com.co/wp-content/uploads/2022/10/marval-galeria-puerta-dorada-el-lago-20240125-1.jpg,"El Lago es un proyecto de Vivienda de Interés Social (VIS) que hace parte de Ciudad Puerta Dorada, la nueva Barranquilla, ubicado sobre la Avenida Circunvalar con un completo desarrollo urbanístico. El Lago te brinda la oportunidad de compartir los mejores momentos con tu familia, por eso sus espacios están pensados para acoger cómodamente y que puedas disfrutar de unas zonas sociales completas, que incluyen juegos infantiles, piscinas para toda la familia y parqueadero comunal. Sin duda este proyecto con excelente ubicación es ideal para ti.",https://marval.com.co/proyecto/puerta-dorada-el-lago/,10.9262696,-74.83248669999999
Puerta Dorada La Isla,https://marval.com.co/wp-content/uploads/2022/03/Grupo-429.png,Puerta Dorada,Barranquilla,Marval,Calle 100 # 18 sur - 102,(607) 633 3987,59.21,195000000,VIP,https://marval.com.co/wp-content/uploads/2022/10/marval-galeria-puerta-dorada-la-isla-20240125-1.jpg,"Puerta Dorada se desarrolla en el área metropolitana de Barranquilla, en uno de los sectores de mayor proyección, crecimiento y valorización del Caribe Colombiano. Este lugar cuenta con un área de 60 hectáreas cuyo desarrollo urbanístico integrará 10.000 soluciones de vivienda social construidas, 4 parques, grandes zonas verdes y recreativas. Este será el proyecto de Mi Casa Ya más grande del país para vivienda social. Un lugar que se convertirá en la oportunidad insuperable para comprar vivienda. Puerta Dorada es la NUEVA Barranquilla. La Isla, el lugar para invertir en la vivienda que sueñas para tu familia, y vivir en la nueva Barranquilla, moderna y creciente.",https://marval.com.co/proyecto/puerta-dorada-la-isla/,10.9262429,-74.83280069999999
Puerta Dorada La Bahía,https://www.estrenarvivienda.com/sites/default/files/node-project/field-project-logo/logo100estrenarvivienda_60.jpg,Puerta Dorada,Barranquilla,Marval,Calle 100 # 18 sur - 103,(607) 633 3987,72.94,210623000,VIP,https://marval.com.co/wp-content/uploads/2022/10/marval-galeria-puerta-dorada-la-bahia-20240126-1.jpg,"Puerta Dorada se desarrolla en el área metropolitana de Barranquilla, en uno de los sectores de mayor proyección, crecimiento y valorización del Caribe Colombiano. Este lugar cuenta con un área de 60 hectáreas cuyo desarrollo urbanístico integrará 10.000 soluciones de vivienda social construidas, 4 parques, grandes zonas verdes y recreativas. Este será el proyecto de Mi Casa Ya más grande del país para vivienda social. Un lugar que se convertirá en la oportunidad insuperable para comprar vivienda. Puerta Dorada es la NUEVA Barranquilla. La Bahía, es un conjunto de apartamentos donde encontrarás áreas con todos aquellos beneficios que siempre soñaste para tu familia, múltiples ventajas por ubicación, movilidad y alternativas para complementar tu vida.",https://marval.com.co/proyecto/puerta-dorada-la-bahia/,10.9261057,-74.8312618
Almería I Apartamentos,https://arenasinmobiliaria.co/wp-content/uploads/2023/11/LOGO_81_ANIOS_BLACK_1.webp,Andalucía,Barranquilla,Arenas inmobiliarias,Sevilla Real  Cra 22 sur Con calle 80BarranquillaColombia.,3175860047,46,114500000,VIS,https://arenasinmobiliaria.co/wp-content/uploads/2024/04/almeria8_8_11zon_8_11zon.webp,"El proyecto Almería se encuentra ubicado en la Urbanización Andalucía, en el suroccidente de Barranquilla, cerca a vías principales como la Circunvalar, Los Almendros, a 10 min. del Estadio Metropolitano.",https://arenasinmobiliaria.co/proyecto/proyecto-almeria/,11.0213243,-74.8441003
Las Acacias Casas,https://arenasinmobiliaria.co/wp-content/uploads/2023/11/LOGO_81_ANIOS_BLACK_1.webp,P.R. Nuestro Atlántico,Soledad,Arenas inmobiliarias,no found,310 8228289,64,174000000,VIS,https://arenasinmobiliaria.co/wp-content/uploads/2023/03/proyecto_las-acacias-arquitectura-y-concreto-22.jpg,"Excelentes vías de acceso, transporte público cercano. Conformado por casas de 64 m2 cada una de dos plantas con 3 habitaciones 2 baños , sala comedor cocina y patio. El conjunto cuenta con piscina para adultos, piscina para niños, parque infantil, salón social, BBQ, zonas verdes, porteria y parqueaderos. Aplica al subsidio del gobierno “MI CASA YA”. Fiducia con Alianza fiduciaria. ¡ENTREGA INMEDIATA!",https://arenasinmobiliaria.co/proyecto/las-acacias-casas/,10.9171191,-74.79915059999999
Ibaia Apartamentos,https://arenasinmobiliaria.co/wp-content/uploads/2023/11/LOGO_81_ANIOS_BLACK_1.webp,Ciudad Jardín,Barranquilla,Arenas inmobiliarias,Parque Sagrado CorazónCalle 82 # 42F – Esq.BarranquillaColombia.,3167805830,80.8,414438544,NO VIS,https://arenasinmobiliaria.co/wp-content/uploads/2023/12/fachada-IBAIA.webp,"No importa la etapa de vida en la que estés, Ibaia Apartamentos es el lugar perfecto ti. Ideal para comenzar una nueva vida juntos, para las familias que buscan crear recuerdos inolvidables, para los solteros viajeros, o los que quieren disfrutar sus años dorados en medio de la tranquilidad pero cerca de todo.",https://arenasinmobiliaria.co/proyecto/ibaia-apartamentos/,10.9960896,-74.8185452
Acuarela del Río,https://arenasinmobiliaria.co/wp-content/uploads/2023/11/LOGO_81_ANIOS_BLACK_1.webp,Malecón del río,Barranquilla,Arenas inmobiliarias,Cra 66b # 66 – Esq.BarranquillaColombia.,3104404423,68,397085410,NO VIS,https://arenasinmobiliaria.co/wp-content/uploads/2023/01/ACUARELA-9.jpg,"Acuarela del Río, es un conjunto cerrado de apartamentos ubicado en una zona de alta valorización cerca del gran Malecón del río. Cerca de supermercados, centros comerciales, parques, iglesias, universidades y con vías de fácil acceso. Cuenta con cancha multijuegos, pista agility mascotas, juegos infantiles, zona para yoga, piscina adultos y niños, gimnasio, sauna, baño turco, salón social, zona BBQ, sendero peatonal y mucho más. Apartamentos de 2 y 3 alcobas.",https://arenasinmobiliaria.co/proyecto/acuarela-del-rio/,11.0025368,-74.79052829999999
Guayacanes Aptos,https://arenasinmobiliaria.co/wp-content/uploads/2023/11/LOGO_81_ANIOS_BLACK_1.webp,P.R. Nuestro Atlántico,Soledad,Arenas inmobiliarias,Centro Comercial Nuestro AtlánticoSoledadAtlánticoColombia.,3108228289,51,156000000,VIS,https://arenasinmobiliaria.co/wp-content/uploads/2023/01/GUAYACANES_APTOS-6-1.jpg,"Guayacanes Apartamentos es un proyecto VIS ubicado en Soledad, Atlántico que hace parte del Parque Residencial Nuestro Atlántico. Aquí encontrarás casas VIS en un conjunto residencial cerrado con excelentes zonas comunes para toda la familia, lo que lo hace el proyecto perfecto para hacer realidad tu sueño de tener vivienda propia.",https://arenasinmobiliaria.co/proyecto/guayacanes-apartamentos/,10.9052929,-74.8013114
Catleya - Aromanzza,https://cbolivarstoragedev.blob.core.windows.net/fileslive-2023-20-11/imagenes/proyectos/logo/logo-aromanza-web-jpg.jpg,Norte - Sector Buenavista,Barranquilla,Bolivar,Carrera 65 A # 99 c Esquina,(+57) 3103157550,51,195000000,NO VIS,https://cbolivarstoragedev.blob.core.windows.net/fileslive-2023-20-11/imagenes/proyectos/imagen-destacada/tarjeta-clateya-constructora-bolivar.jpg,"Catleya de Aromanzza es nuestro proyecto de apartamentos en conjunto cerrado ubicado en el sector de Buenavista al norte de Barranquilla. Disfruta en familia de variedad de zonas sociales como piscina para adultos y para niños, salón de juegos, gimnasio, salón de niños, terraza BBQ y más.",https://www.constructorabolivar.com/proyectos-vivienda/barranquilla/catleya-aromanzza,11.0238234,-74.8151512
Búho - Alameda del Río,https://cbolivarstoragedev.blob.core.windows.net/fileslive-2023-20-11/imagenes/proyectos/logo/logo-buho-alameda.jpg,Norte - Alameda del Río,Barranquilla,Bolivar,Av. Circunvalar entre carreras 38 y 46 (Junto a Hyundai),(+57) 3103157550,52,195000000,VIS,https://cbolivarstoragedev.blob.core.windows.net/fileslive-2023-20-11/imagenes/proyectos/imagen-destacada/tarjeta-buho-alameda-rio.jpg,"El sueño de tener vivienda propia lo podrás hacer realidad aquí en Búho, un proyecto de apartamentos con y sin parqueadero, conformado por torres de 12 pisos con ascensor en conjunto cerrado. Disfruta de nuestras zonas comunes pensadas para tu diversión y la de tu familia que incluye piscina para adultos y para niños, salón social, terraza con zona BBQ, gimnasio, juegos infantiles y zonas verdes. Además podrás adquirirlo con o sin subsidio de vivienda.",https://www.constructorabolivar.com/proyectos-vivienda/barranquilla/buho-alameda-del-rio,10.9961604,-74.8404779
Brisas del Parque,https://cbolivarstoragedev.blob.core.windows.net/fileslive-2023-20-11/imagenes/proyectos/logo/logo-brisas-del-parque.png,Norte Centro Histórico,Barranquilla,Bolivar,Carrera 65 A # 99 c Esquina,(+57) 3103157550,56.4,195000000,NO VIS,https://cbolivarstoragedev.blob.core.windows.net/fileslive-2023-20-11/imagenes/proyectos/imagen-destacada/tarjeta-ajustada-2021.jpg,"Proyecto de apartamentos en conjunto cerrado, conformado por torres de 16 pisos con ascensor. Disfruta en Brisas del Parque de nuestras zonas comunes con piscina para adultos y niños, juegos infantiles, cancha múltiple con medidas no reglamentarias, terraza BBQ, sala premium, gimnasio, salón comunal, zonas verdes.",https://www.constructorabolivar.com/proyectos-vivienda/barranquilla/brisas-del-parque,11.0178359,-74.80102289999999
Manglar - Ciudad de Mallorquín,https://cbolivarstoragedev.blob.core.windows.net/fileslive-2023-20-11/imagenes/proyectos/logo/logo-manglar-constructora-bolivar.png,Norte - Puerto Colombia,Barranquilla,Bolivar,Carrera 53 # 110 Esquina. Centro Empresarial BC,(+57) 3103157550,50,175500000,NO VIS,https://cbolivarstoragedev.blob.core.windows.net/fileslive-2023-20-11/imagenes/proyectos/imagen-destacada/tarjeta-manglar-constructora-bolivar.jpg,"Adquiere tu vivienda en Manglar, nuestra etapa de apartamentos en conjunto cerrado, conformado por torres de 12 pisos con ascensor, con diversidad de exclusivas zonas comunes como piscinas, gimnasio, coworking, canchas deportivas, terraza BBQ y salón múltiple.",https://www.constructorabolivar.com/proyectos-vivienda/barranquilla/manglar-ciudad-de-mallorquin,11.0219736,-74.84737609999999
Vibratto - Sotavento,https://cbolivarstoragedev.blob.core.windows.net/fileslive-2023-20-11/imagenes/proyectos/logo/vibratto-logo-constructorabolivar.png,Circunvalar - Caribe Verde,Barranquilla,Bolivar,Cra 9 g # 110 - 187. Local 26 Parque Industrial Caribe Verde,(+57) 3103157550,46,117000000,VIP,https://cbolivarstoragedev.blob.core.windows.net/fileslive-2023-20-11/imagenes/proyectos/imagen-destacada/vista-aerea-vibratto-constructora-2023-tarjeta.jpg,"En Vibratto de Sotavento encuentra un proyecto de apartamentos en conjunto cerrado, disfruta en familia de juegos infantiles y zonas verdes, además de todas las ventajas que el Club Residencial de Sotavento tiene para ti.",https://www.constructorabolivar.com/proyectos-vivienda/barranquilla/vibratto-sotavento,10.9595813,-74.8469667
Castellana 51,https://cbolivarstoragedev.blob.core.windows.net/fileslive-2023-20-11/imagenes/proyectos/logo/NUEVO_Logo_Castellana51_CMYK-1_1.png,Norte - Sector Buenavista,Barranquilla,Bolivar,C.C Plaza del Parque Calle 99 No. 53 - 40,(+57) 3103157550,62.5,399520000,NO VIS,https://cbolivarstoragedev.blob.core.windows.net/fileslive-2023-20-11/imagenes/proyectos/imagen-destacada/tarjeta-castellana51-constructora-bolivar-barranquilla_0.jpg%20%281%29.webp,"Por su exclusivo y sofisticado diseño, Castellana 51 es el lugar ideal para vivir y crear nuevos momentos únicos e inspiradores. Hemos diseñado una variedad de zonas sociales para el bienestar y diversión de toda tu familia que incluyen terrazas BBQ, gimnasio dotado, piscinas, jacuzzi, coworking, sala premium, cancha de Fútbol sin medidas reglamentarias y más.  Disfruta de su estratégica ubicación y de apartamentos con parqueadero privado, balcón y depósito.",https://www.constructorabolivar.com/proyectos-vivienda/barranquilla/castellana-51,11.0132862,-74.82746709999999
Floresta,https://cbolivarstoragedev.blob.core.windows.net/fileslive-2023-20-11/imagenes/proyectos/logo/logo-floresta-web.png,Sur - Calle 30,Barranquilla,Bolivar,Calle 30 (Vía aeropuerto) carrera 24 (Frente a Gecolsa),(+57) 3103157550,49,162500000,VIS,https://cbolivarstoragedev.blob.core.windows.net/fileslive-2023-20-11/imagenes/proyectos/imagen-destacada/tarjeta-floresta-constructorabolivar.jpg,"¡Éxito en ventas! Encuentra un proyecto de apartamentos en conjunto cerrado, conformado por torres de 5 y 10 pisos. Disfruta de todas las zonas sociales que hemos diseñado para ti y tu familia como piscinas para niños y adultos, salas premium, gimnasio, zona de juegos de niños y más. Aprovecha nuestro amplio plazo de cuota inicial.",https://www.constructorabolivar.com/proyectos-vivienda/barranquilla/floresta,10.9515619,-74.78607
Malta - Ciudad Mallorquín,https://cbolivarstoragedev.blob.core.windows.net/fileslive-2023-20-11/imagenes/proyectos/logo/logo-malta-ciudad-mallorquin-barranquilla.png,Norte - Puerto Colombia,Barranquilla,Bolivar,Carrera 53 # 110 Esquina. Centro Empresarial BC,(+57) 3103157550,52,175500000,VIS,https://cbolivarstoragedev.blob.core.windows.net/fileslive-2023-20-11/imagenes/proyectos/imagen-destacada/tarjeta-malta-constructorabolivar_0.webp,"¡Nueva etapa de apartamentos con subsidio en Ciudad Mallorquín! Malta es un proyecto de apartamentos en conjunto cerrado con variedad de zonas sociales como piscina para adultos y niños, coworking, gimnasio, sala premium, terrazas BBQ y mucho más. Además encuentra excelente distribución de espacios en nuestros apartamentos, ideales para vivir o invertir.",https://www.constructorabolivar.com/proyectos-vivienda/barranquilla/malta-ciudad-mallorquin,11.0245545,-74.84017539999999
María Mulata - Alameda del Río,https://cbolivarstoragedev.blob.core.windows.net/fileslive-2023-20-11/imagenes/proyectos/logo/maria-mulata-logo-barranquilla-alameda.png,Norte - Alameda del Río,Barranquilla,Bolivar,Av. Circunvalar entre carreras 38 y 46 (Junto a Hyundai),(+57) 3103157550,60,195000000,VIS,https://cbolivarstoragedev.blob.core.windows.net/fileslive-2023-20-11/imagenes/proyectos/imagen-destacada/maria-mulata-tarjeta_0.jpg,"Este es un proyecto conformado por torres de 12 pisos con ascensor. Diviértete con su gran variedad de zonas comunes que incluyen piscina para adultos y para niños, salón social, gimnasio, terraza comunal y kiosko. Aquí podrás hacer realidad tu sueño de tener vivienda propia, con o sin subsidio de vivienda.",https://www.constructorabolivar.com/proyectos-vivienda/barranquilla/alameda-del-rio-maria-mulata-0,10.9945154,-74.84895829999999
Casas de Portobelo,https://cbolivarstoragedev.blob.core.windows.net/fileslive-2023-20-11/imagenes/proyectos/logo/logo-casas-portobelo-constructora-bolivar-vivienda-soledad_0.png,Circunvalar - Caribe Verde,Barranquilla,Bolivar,Cra 9 g # 110 - 187. Local 26 Parque Industrial Caribe Verde,(+57) 3103157550,58,166400000,VIS,https://cbolivarstoragedev.blob.core.windows.net/fileslive-2023-20-11/imagenes/proyectos/imagen-destacada/tarjeta-casas-portobelo_0.jpg,"Tu sueño de tener casa propia lo puedes hacer realidad aquí en Casas de Portobelo, en la urbanización de Villas de San Pablo en Barranquilla. Encuentra un proyecto de casas en conjunto cerrado y disfruta de zonas sociales como salón social, gimnasio, piscina para adultos y niños, kiosko, juegos infantiles y zonas verdes.",https://www.constructorabolivar.com/proyectos-vivienda/barranquilla/casas-de-portobelo,10.9518308,-74.8622165
Vizcaína - Aromanzza,https://cbolivarstoragedev.blob.core.windows.net/fileslive-2023-20-11/imagenes/proyectos/logo/Logo-Vizcaina-web.png,Norte - Sector Buenavista,Barranquilla,Bolivar,Carrera 65 A # 99 c Esquina,(+57) 3103157550,69.5,395000000,NO VIS,https://cbolivarstoragedev.blob.core.windows.net/fileslive-2023-20-11/imagenes/proyectos/imagen-destacada/tarjeta-vizcaina-constructora-bolivar.jpg,"Vizcaína de Aromanzza es un proyecto de apartamentos en conjunto cerrado ubicado al Norte de Barranquilla en Buenavista, un sector residencial y comercial de alto desarrollo. Disfruta en familia de piscina para adultos y niños, zona BBQ, coworking, gimnasio, salón social, Kids house y más. Pregunta por los excelentes acabados que hemos diseñado para ti.",https://www.constructorabolivar.com/proyectos-vivienda/barranquilla/vizcaina-aromanzza,11.0238234,-74.8151512
Cisne - Alameda del Río,https://cbolivarstoragedev.blob.core.windows.net/fileslive-2023-20-11/imagenes/proyectos/logo/logo-constructorabolivar-cisne_0.png,Norte - Alameda del Río,Barranquilla,Bolivar,Av. Circunvalar entre carreras 38 y 46 (Junto a Hyundai),(+57) 3103157550,68,322020000,NO VIS,https://cbolivarstoragedev.blob.core.windows.net/fileslive-2023-20-11/imagenes/proyectos/imagen-destacada/tarjeta-proyecto-alameda-del-rio.jpg,"Cisne de Alameda del Río es un proyecto de vivienda en Barranquilla con diseño natural y cálido, encuentra torres de 15 pisos de altura en conjunto cerrado. Pensando en todos los integrantes de la familia hemos diseñado zonas sociales como piscinas para adultos y niños, zona de juegos infantiles, zonas verdes, cancha infantil, coworking, BBQ y más.",https://www.constructorabolivar.com/proyectos-vivienda/barranquilla/cisne-alameda-del-rio,10.9961604,-74.8404779
Bonavento,https://cbolivarstoragedev.blob.core.windows.net/fileslive-2023-20-11/imagenes/proyectos/logo/logo-bonavento_0.png,Circunvalar - Caribe Verde,Barranquilla,Bolivar,Cra 9 g # 110 - 187. Local 26 Parque Industrial Caribe Verde,(+57) 3103157550,46,117000000,VIP,https://cbolivarstoragedev.blob.core.windows.net/fileslive-2023-20-11/imagenes/proyectos/imagen-destacada/tarjeta-bonavento-constructora-bolivar-vivienda-barranquilla.webp,"Proyecto de apartamentos en conjunto cerrado en Caribe Verde. Bonavento te ofrece una variedad de zonas sociales que incluye gimnasio, piscinas, cancha de fútbol 5 (con medidas no reglamentarias), salas premium, zonas verdes, juegos infantiles y más. Adquiere tu apartamento con o sin subsidio de vivienda y con el respaldo que te brinda Constructora Bolívar.",https://www.constructorabolivar.com/proyectos-vivienda/barranquilla/bonavento,10.9562288,-74.837014
Mallorca - Ciudad de Mallorquín,https://cbolivarstoragedev.blob.core.windows.net/fileslive-2023-20-11/imagenes/proyectos/logo/logo-mallorca-web-png.png,Norte - Puerto Colombia,Barranquilla,Bolivar,Carrera 53 # 110 Esquina. Centro Empresarial BC,(+57) 3103157550,65,327801940,NO VIS,https://cbolivarstoragedev.blob.core.windows.net/fileslive-2023-20-11/imagenes/proyectos/imagen-destacada/tarjerta-mallorca-constructorabolivar.jpg.webp,"En Mallorca de Ciudad Mallorquín encuentra un proyecto de apartamento en conjunto cerrado conformado por dos torres. Hemos diseñado para el entretenimiento y diversión de toda tu familia exclusivas zonas sociales en un edificio comunal de 3 pisos con un diseño moderno y vanguardista, disfruta de lobby de doble altura, piscina con diseño tipo playa, gimnasio, salas premium, zonas BBQ y más. Encuentra este y muchos más proyectos de vivienda en Barranquilla .",https://www.constructorabolivar.com/proyectos-vivienda/barranquilla/mallorca-ciudad-de-mallorquin,11.0255151,-74.8400936
Cardenal-Alameda del Rio,https://cbolivarstoragedev.blob.core.windows.net/fileslive-2023-20-11/imagenes/proyectos/logo/LOGO-CARDENAL_0.png,Norte - Alameda del Río,Barranquilla,Bolivar,Av. Circunvalar entre carreras 38 y 46 (Junto a Hyundai),(+57) 3103157550,55,195000000,VIS,https://cbolivarstoragedev.blob.core.windows.net/fileslive-2023-20-11/imagenes/proyectos/imagen-destacada/Tarjeta%20home%20Cardenal%201.jpg,"Descubre Cardenal - Alameda del Río, tu nuevo hogar en Barranquilla. Torres de 15 pisos, en un conjunto cerrado con diseño moderno e innovador. Sus zonas sociales, desde coworking, piscinas, taller de bicicletas, gimnasio y más, esperan por ti, para vivir experiencias únicas. Además, encontrarás espacios para toda la familia: Playroom, Kid House y mucho más. Vive en un entorno exclusivo, Cardenal - Alameda del Río tu nuevo hogar.",https://www.constructorabolivar.com/proyectos-vivienda/barranquilla/cardenal-alameda-del-rio,10.9961604,-74.8404779
Ventura Caribe,https://cdn.constructoracolpatria.com/images/proyectos_gestor-logo-968903e6d7a99f429e3a7729d5f8e046.jpg,Caribe verde,Barranquilla,Colpatria,Cra 9G #110-187,+57 321 392 3797 - 321 345 5672 - 321 452 1163,50.54,153010000,VIS,https://cdn.constructoracolpatria.com/images/proyectos_gestor_e5c62a23010fc36bef2dbf2ae9ee24a8-d.jpg,"¡Bienvenido a Ventura Caribe, donde tus sueños de tener una vivienda propia se hacen realidad! Este proyecto de vivienda de interés social está ubicado en Caribe Verde y cuenta con una gran variedad de zonas sociales para que puedas disfrutar junto a tu familia y amigos. En Ventura Caribe podrás encontrar un lobby con sala de espera, terraza BBQ, mini cancha recreativa, espacio para gimnasio, espacio para coworking, salón social, kiosco con cocineta, piscina para adultos y piscina para niños, entre otras opciones para el entretenimiento y descanso.",https://constructoracolpatria.com/proyectos/vivienda/ventura-caribe/1579,10.9559532,-74.8446534
Villa Jardín,https://cdn.constructoracolpatria.com/images/proyectos_gestor-logo-ce778e45c0be2531cd3a440ccfbef962.jpg,Villas de San Pablo,Barranquilla,Colpatria,Calle 138 entre cr 7E y 7H,+57 321 392 3797 - 321 345 5672 - 321 452 1163,50.42,154818300,VIS,https://cdn.constructoracolpatria.com/images/proyectos_gestor_99931c9e6e3c9af90a2e269de38ee580-d.jpg,"Descubre nuestras Casas VIS en el sector Villas de San Pablo de la ciudad de Barranquilla. Visítanos en nuestra sala de ventas ubicada en el Parque Industrial Caribe Verde, en la Cra 9G # 110-187 Local 30. ¡Haz realidad el sueño de tener tu propia casa con nosotros!",https://constructoracolpatria.com/proyectos/vivienda/villa-jardin/2305,10.9587097,-74.8660641
Lanai,https://cdn.constructoracolpatria.com/images/proyectos_gestor-logo-33aaa9f83157b5c98835364c5249e05b.jpg,Ciudad Mallorquin,Puerto Colombia,Colpatria,Barranquilla Av circunvalar #54 - 98,+57 321 392 3797 - 321 345 5672 - 321 452 1163,57.60,187785000,VIS,https://cdn.constructoracolpatria.com/images/proyectos_gestor_d864bdae505dde337003abc4d9110fc5-d.jpg,"Lanai, el proyecto ideal para ti, ubicado en Puerto Colombia, Barranquilla, a solo unos pasos del parque más grande de la ciudad. Conformado por 5 torres de 17 pisos y un total de 675 apartamentos, Lanai te ofrece la oportunidad de vivir en el hogar de tus sueños. Visítanos en nuestro punto de venta en el Edificio BC Empresarial, en la CRA 53 #110 esquina Local 2, diagonal a la EDS Terpel La Castellana, y descubre todo lo que Lanai tiene para ofrecerte. ¡No esperes más para ser parte de nuestro exclusivo proyecto!",https://constructoracolpatria.com/proyectos/vivienda/lanai/1533,11.0235737,-74.84171599999999
Makani,https://cdn.constructoracolpatria.com/images/proyectos_gestor-logo-927ec4f2b4f6eac1c0b223323f34fb93.png,Puerto Colombia,Puerto Colombia,Colpatria,Av circunvalar #54 - 98,+57 321 392 3797 - 321 345 5672 - 321 452 1163,56.08,209004705,VIS,https://cdn.constructoracolpatria.com/images/proyectos_gestor_ea52c0792322656bb3aefbf6506a2e09-d.png,"MAKANI es un proyecto VIS* con una ubicación privilegiada en Puerto Colombia, Barranquilla, conformado cada uno por 5 torres de 20 pisos un total de 872 apartamentos en todo el conjunto.",https://constructoracolpatria.com/proyectos/vivienda/makani/3059,10.9913696,-74.95628669999999
Esmeralda,https://cdn.constructoracolpatria.com/images/proyectos_gestor-logo-33e04b4b553540713f81563cc166cc6c.jpg,Alameda del rio,Barranquilla,Colpatria,Avenida Circunvalar No. 43-01,+57 321 392 3797 - 321 345 5672 - 321 452 1163,76.50,375615000,NO VIS,https://cdn.constructoracolpatria.com/images/proyectos_gestor_f73909e63d9402b7fb730c8ce52aa394-d.png,"Esmeralda es el nuevo proyecto de vivienda de Constructora Colpatria que ofrece una experiencia única de bienestar y comodidad en la ciudad de Barranquilla. Ubicado estratégicamente en una de las zonas más dinámicas y en crecimiento de la ciudad, Esmeralda cuenta con amplias áreas verdes, espacios deportivos y amplias zonas comunes para todas las familias barranquilleras.",https://constructoracolpatria.com/proyectos/vivienda/esmeralda/442,10.9961604,-74.8404779
Moretti,https://cdn.constructoracolpatria.com/images/proyectos_gestor-logo-39ed5782e0e965adafa8103a2546e29b.jpg,Riomar,Barranquilla,Colpatria,Calle 98 # 71-99,+57 321 392 3797 - 321 345 5672 - 321 452 1163,64.99,409188000,NO VIS,https://cdn.constructoracolpatria.com/images/proyectos_gestor_8e2c4902ab07a0bd3d5907db9c7a6224-d.jpg,"Moretti es un proyecto de vivienda ubicado en el sector de Riomar, cuenta con una ubicación privilegiada dentro de la ciudad de Barranquilla. Nuestro proyecto te ofrece un estilo de vida único, rodeado de confort y exclusividad. Cada apartamento ha sido diseñado con acabados de alta calidad, y con la máxima atención al detalle.",https://constructoracolpatria.com/proyectos/vivienda/moretti/2972,11.0207262,-74.8064036
Missoni,https://cdn.constructoracolpatria.com/images/proyectos_gestor-logo-acee04cee08dce631fb8b2ef7cb47505.png,Riomar,Barranquilla,Colpatria,Calle 98 con Cra 71 esquina,+57 321 392 3797 - 321 345 5672 - 321 452 1163,67.24,433555000,NO VIS,https://cdn.constructoracolpatria.com/images/proyectos_gestor_60e0b22eabc8c19159d0d604d56abf53-d.jpg,"Missoni es el proyecto de vivienda que ha llegado para ofrecerte un estilo de vida único, rodeado de lujo, confort y exclusividad. Cada apartamento ha sido diseñado con la máxima atención al detalle, con acabados de alta calidad y un estilo inspirado en la moda italiana de alta costura.",https://constructoracolpatria.com/proyectos/vivienda/missoni/2341,11.0223828,-74.820679
Senza,https://conaltura.com/Archivos/logos/1852-LOGOS_WEB_Senza.png,Puerta Dorada,Barranquilla,Conaltura,"Av. Circunvalar Puerta Dorada, Barranquilla sentirdo norte/sur costado derecho del puente peatonal.",3123123869,50.5,162110000,VIS,https://conaltura.com/Archivos/sliders/1852-URBANISMO SENZA 11 - 004-01.png,"Ubicado en el area metropolitana de Barranquilla sobre la Av Circunvalar en sector de Puerta Dorada. La ruta principal para acceder al proyecto es la Avenida Circunvalar sentido norte-sur antes de la OlÃ­mpica Los Robles. Cerca al proyecto podras encontrar praximamente el Mall Plaza Dorada Centro Comercial, supermercados, comercio en general, hospitales, colegios y actualmente tiene conexian con diversos medios transporte publico que te conectan con el norte y sur de la ciudad, a sitios como: Estadio Metropolitano, Aeropuerto Ernesto Cortissoz, Parques industriales y empresariales, Centros Comerciales y el Mega Colegio las Cayenas. El proyecto esta conformado por 960 unidades en 15 torres de ocho (8) pisos y ocho (8) apartamentos por piso. Cuenta con parqueaderos comunales para todo el conjunto y desarrollado en su totalidad en cinco (5) etapas.",https://conaltura.com/proyectos-de-vivienda-nueva/senza,10.9277395,-74.8315865
Bavaro,https://conaltura.com/Archivos/logos/184-LOGOS_WEB_Bavaro.png,Caribe Verde,Barranquilla,Conaltura,Av Circunvalar- Puerta Dorada Sentido Norte/ Sur costado derecho del puente peatonal. CRA 15 SUR NÂ° 96-72 Barranquilla,3134400506,50.3,137870000,VIS,https://conaltura.com/Archivos/sliders/184-MRCD_1090 RENDERS WEB CATARA_21-10-22_V1_URBANISMO copia.png,"BAVARO es un proyecto de Viviendas de InterÃ©s Social ubicado en la ciudad de Barranquilla, en el sector de Caribe Verde, un nuevo desarrollo en Barranquilla, compuesto por conjuntos residenciales, zonas comerciales, centros empresariales, parques logÃ­sticos, parques infantiles, grandes zonas verdes y multiples vÃ­as de acceso. El sector cuenta con amplia oferta de transporte publico, colegios y centros de salud muy cercanos. Es un conjunto conformado por 960 unidades en 24 torres de 5 pisos y 8 apartamentos por piso, con parqueaderos comunales para todo el conjunto. El proyecto se desarrollara en seis (6) etapas de 160 apartamentos cada una.",https://conaltura.com/proyectos-de-vivienda-nueva/bavaro,10.9529282,-74.8601441
Catara,https://conaltura.com/Archivos/logos/1861-LOGOS_WEB_Catara.png,Ciudad mallorquin,Puerto Colombia,Conaltura,Carrera 24 # 1A - 30,3144301789 - 3116474339,55.6,186030000,VIS,https://conaltura.com/Archivos/sliders/1861-1-PORTADA.jpg,"Ubicado en el municipio de Puerto Colombia â Atlantico, contiguo a la CiÃ©naga de MallorquÃ­n zona de gran desarrollo turÃ­stico, urbano y residencial. La ruta principal para acceder al proyecto es la Carrera 53 y la futura Calle 111. Cerca al proyecto podras encontrar el futuro Ecoparque TurÃ­stico CiÃ©naga de MallorquÃ­n, el corredor universitario, zonas deportivas, Centros Comerciales, supermercados, comercio en general, hospitales, colegios, zona hotelera y actualmente tiene conexian con diversos medios de transporte publico que te conectan con el norte de la ciudad de Barranquilla, y otras vÃ­as principales que facilitan la movilidad al resto de la ciudad. El proyecto esta conformado por 1152 unidades en 9 torres de 16 pisos y 8 apartamentos por piso. Cuenta con parqueaderos comunales para todo el conjunto y desarrollado en su totalidad para dos (2) etapas.",https://conaltura.com/proyectos-de-vivienda-nueva/catara,11.0247866,-74.845345
Proyecto de Vivienda Armonía,https://viviendas.lahipotecaria.com/colombia/wp-content/uploads/2020/12/prodesa.png,ciudad de los sueños,Soledad,Prodesa,Sala de ventas: Cra. 12 calle 70 esquina barrio Manantial - Ubicación proyecto: Cra. 12 calle 70 esquina barrio Manantial,(601) 3139040/ (601) 3139040,58.7,162500000,VIS,https://api.prodesa.com/uploads/images/banner-2-2-proyecto-de-apartamentos-vis-soledad-662692d56ea44061272469.jpg,"Cumple tu sueño de tener vivienda propia viviendo en uno de los apartamentos en Soledad más grandes de la zona. En Armonía encontrarás un hogar con 3 habitaciones, espacios flexibles y acceso a subsidio. Además, disfrutarás de vivir en un proyecto de vivienda con excelentes zonas sociales con piscina.",https://prodesa.com/internaproyecto/proyecto-vivienda-armonia,10.9018044,-74.8086428
Proyecto de Vivienda Caoba,https://www.estrenarvivienda.com/sites/default/files/node-project/field-project-logo/logos_proyectos_prodesa-1-44_page-0006.jpg,san antonio,Soledad,Prodesa,Sala de ventas: Calle 68B Transversal 1 sur – 113 - Ubicación proyecto: Calle 68B Transversal 1 sur – 113,(601) 3139040/ (601) 3139040,50.7,117000000,VIP,https://api.prodesa.com/uploads/images/banner-2-2-proyecto-de-apartamentos-vis-soledad-c-66269304eacd7348474608.jpg,"Caoba es un proyecto con subsidio ubicado en Soledad, Atlántico, donde encontrarás apartamentos semiacabados con espacios flexibles y pisos 100% enchapados en cerámica, dentro de un conjunto cerrado de 27 torres con 5 pisos cada una. ¡Separa tu hogar con $300,000 y sin cuota inicial! Contamos solo con 1 etapa en venta de 8 torres",https://prodesa.com/internaproyecto/proyecto-vivienda-caoba,10.9147635,-74.7702801
Proyecto de Vivienda Brisas de San Pablo,https://villasdesanpablo.com/wp-content/uploads/2022/10/brisas-de-san-pablo-logo.png,caribe verde,Barranquilla,Prodesa,Sala de ventas: Cl. 110 # 9G Local 31 - Ubicación proyecto: Cl. 110 # 9G Local 31 - Sobre la av. Circunvalar,(601) 3139040/ (601) 3139040,45.45,125200000,VIP,https://api.prodesa.com/uploads/images/banner-2-2-sala-comedor-proyecto-de-apartamentos-vis-barranquilla-6626923c92514428824560.jpg,"¡Brisas de San Pablo Etapa ll ya es una realidad en el Caribe Verde! Conoce el proyecto de apartamentos VIP en Barranquilla, con una de las áreas más grande de la zona y destinado a hacer realidad tu sueño de tener vivienda propia. Ubicado en las proximidades de la Av. Circunvalar, este conjunto cerrado de apartamentos te brindará a ti y a tu familia la seguridad, movilidad y tranquilidad que han estado buscando. ¡Decídete por disfrutar de esta oportunidad única y deja de pagar arriendo!",https://prodesa.com/internaproyecto/proyecto-vivienda-brisas-san-pablo,10.955364,-74.8649603
Proyecto de Vivienda Pardela,https://alamedadelrio.co/wp-content/uploads/2021/10/PARDELA-200x67.png,Costa del Río,Barranquilla,Prodesa,"Sala de ventas: Av. Circunvalar  110 # 43-01 Barranquilla - Ubicación proyecto: Cl. 112 #43-112, Nte. Centro Historico, Barranquilla, Atlántico, Colombia",(601) 3139040/ (601) 3139040,58.59,250000000,NO VIS,https://api.prodesa.com/uploads/images/banner-2-2-proyecto-de-vivienda-en-barranquilla-pardela-6626920f46a46810527250.jpg,"Pardela es el proyecto de apartamentos en Barranquilla con éxito en ventas, donde contarás con excelentes zonas sociales y la mejor vista de Alameda del Río. Se encuentra ubicado sobre la avenida Circunvalar, entre las carreras 38 y 46, colindando con la nueva sede de la selección Colombia. ¡Puedes acceder a la opción de tener doble parqueadero 🚘!",https://prodesa.com/internaproyecto/proyecto-vivienda-pardela,10.9960781,-74.8417082
Parques del Trebol,https://acfsas.co/wp-content/uploads/2022/02/logo-parques-del-trebol-01.png,Parques de Soledad,Soledad,ACF,Carrera 6# 50-131,(605) 3225519,46,117000000,VIP,https://acfsas.co/wp-content/uploads/2022/02/FOTOS-CONSTRUCARIBE-DIGITAL-PROYECTOS-JUNIO-2023_Mesa-de-trabajo-1-copia-2-scaled.jpg,En Parques del Trébol está el apartamento que tanto quieres ,https://acfsas.co/proyectos/parques-del-trebol/,10.8982118,-74.7876199
Villas del encanto 2,Villas-Del-Encanto-Avance-De-Obras-1024x576.png (1024×576) (acfsas.co),Villas del encanto,Soledad,ACF,Cra. 15f #59-19,(605) 3225519,46,117000000,VIP,https://acfsas.co/wp-content/uploads/2021/12/GALERIA-3-villas-del-encanto-2.jpg,"Villas del encanto, proyecto VIP ubicado en el barrio Las Moras - Soledad. Apartamento 46mt2 área total construida.",https://acfsas.co/proyectos/villas-del-encanto-2/,10.9138678,-74.7966835
Villas del portal 3,https://acfsas.co/wp-content/uploads/2021/04/Logo-Villas-Del-Portal-3.png,Villas del encanto,Soledad,ACF,Cra. 4 #63-30,(605) 3225519,49,117000000,VIP,https://acfsas.co/wp-content/uploads/2021/04/FOTOS-CONSTRUCARIBE-DIGITAL-PROYECTOS-JUNIO-2023_Mesa-de-trabajo-1-copia-7-scaled.jpg,"Son apartamentos de 46m2 (Área total construida) los cuales están ubicados en Soledad, cuentan con amenidades hechas pensando en el beneficio de todas las familias.",https://acfsas.co/proyectos/villas-del-portal-3/,10.898647,-74.8010192
Alta Vista del Rio,https://altavistadelrio.com/wp-content/uploads/2021/03/altavista-con-franja-01.png,Rio Alto,Barranquilla,Apiros,calle 98 con carrera 72,3188267719 - 3154595888,67.06,375000000,NO VIS,https://apiros.com.co/wp-content/uploads/2022/06/Altavista-del-rio-aerea.jpg,"¡Descubre Altavista del Río, tu hogar en el corazón de la zona de mayor valorización en Barranquilla! Con una ubicación privilegiada en la zona de Río Alto y zonas comunes diseñadas para convertirse en una extensión de tu hogar. Cuenta con 308 apartamentos distribuidos en 7 torres de 11 pisos de altura que permiten disfrutar de una linda vista del Río Magdalena y la ciudad. Este proyecto cuenta con apartamentos desde los desde 67 m2 y 4 apartamentos por piso.",https://altavistadelrio.com/,11.023483,-74.8181558
El alba mallorquín,https://construcaribe.s3.amazonaws.com/c2f4397d-72dd-4b37-8afc-caa44e6a926a_LOGOELALBAENMALLORQUIN_Mesadetrabajo1copia.jpg,Ribera Mallorquín,Barranquilla,Apiros,calle 99# 53-40,3188267719 - 3154595888,58.06,187100000,VIS,https://www.estrenarvivienda.com/sites/default/files/styles/typology_view_gallery_images_style/public/node-project/field-project-images/1fotoaerea_4.jpg?itok=gvsqxa-J,"El Alba en Mallorquín es un proyecto conformado por 1.103 apartamentos distribuidos en 12 torres de 12 pisos. Ubicado en la Ribera de Mallorquín, el polo de desarrollo más importante y con mayor impacto de la ciudad de Barranquilla. Vecino de un gran ecosistema: La Ciénaga de Mallorquín. cerca de universidades, colegios y centros de comercio, rodeado de ciclo rutas, rápida valorización. Disfrutarás de zonas comunes como: Portería, gimnasio dotado, sal de trabajo colaborativo, salón de niños, 2 salones para reuniones, Senderos peatonales, 2 canchas múltiples reglamentarias, zona BBQ, 2 piscinas de adultos, piscina de niños, juegos infantiles, golosa, columpios, sube y baja, gimnasio biosaludable, parque de mascotas, juegos de mesa al aire libre, pista de triciclos.",https://elalbaenmallorquin.com/,11.0252882,-74.842255
Avivir Saia,https://apiros.com.co/wp-content/uploads/2023/05/SAIA-1.png,Ribera Mallorquín,Barranquilla,Apiros,calle 99# 53-40,3168329673,49.51,172920000,VIS,https://avivirsaia.com/wp-content/uploads/2023/06/saia-areia.webp,"El Alba en Mallorquín es un proyecto conformado por 1.103 apartamentos distribuidos en 12 torres de 12 pisos. Ubicado en la Ribera de Mallorquín, el polo de desarrollo más importante y con mayor impacto de la ciudad de Barranquilla. Vecino de un gran ecosistema: La Ciénaga de Mallorquín. cerca de universidades, colegios y centros de comercio, rodeado de ciclo rutas, rápida valorización. Disfrutarás de zonas comunes como: Portería, gimnasio dotado, sal de trabajo colaborativo, salón de niños, 2 salones para reuniones, Senderos peatonales, 2 canchas múltiples reglamentarias, zona BBQ, 2 piscinas de adultos, piscina de niños, juegos infantiles, golosa, columpios, sube y baja, gimnasio biosaludable, parque de mascotas, juegos de mesa al aire libre, pista de triciclos.",https://avivirsaia.com/,11.031098,-74.84554299999999
PortoRosso,https://vivienda.conconcreto.com/wp-content/uploads/2022/12/Logo_Portorosso.jpeg,Altos de los Rosales,Barranquilla,coconcreto,Cra. 53 detrás del Nuevo Colegio San José,3105075134,91.42,544986432,NO VIS,https://cc.portorossoapartamentos.com/wp-content/uploads/2023/10/Conconcreto-barranquilla-sunset-apartamentos-piscinas.png,"PortoRosso apartamentos es un conjunto residencial ubicado en la Urbanización Altos de los Rosales, sobre la carrera 53 detrás del Colegio San José en un sector exclusivo y de gran desarrollo inmobiliario. Cerca de excelentes colegios y universidades, centros comerciales. PortoRosso está conformado por dos torres, de 80 apartamentos cada una, 4 aptos por torre, con sistema estructural tradicional, y fachada en ladrillo a la vista con áreas desde 91m2 hasta 134.02 mts con TRES habitaciones y excelentes acabados. Ubicados frente a un parque, con una espectacular vista a la Ciénega de Mallorquín y el Mar Caribe, parqueaderos cubiertos en sótanos, depósitos en piso de apartamentos, planta eléctrica suplencia total, recepción tipo Lobby, piscina de adultos y niños, parque Infantil, cancha polideportiva, BBQ, gimnasio, Solarium y mucho más.",https://vivienda.conconcreto.com/proyectos/portorosso/,10.9584569,-74.8338985
Sunset Boulevard,https://vivienda.conconcreto.com/wp-content/uploads/2022/12/sunsetboulevard-logo.png,Portal del Genovés,Barranquilla,coconcreto,Cra 46 vía Cartagena,3104609181,93,621400000,NO VIS,https://lh3.googleusercontent.com/p/AF1QipMD7aQOtXI4SLHEBNrza7Y_xQkAcp9W-ZZEbjMP=s680-w680-h510,"Apartamentos en venta al norte de Barranquilla en el sector Portal del Genovés, Sunset Boulevard tiene dos torres para un total de 216 apartamentos. Diseñado en construcción tradicional con fachadas en las que predomina el ladrillo a la vista, ubicado en zona campestre, sin tráfico y con fácil acceso a las Carrera 46 y la Carrera 51B, al frente del mejor parque arborizado de Barranquilla, cercano a la Clínica Portoazul, CC Buenavista, CC Viva Barranquilla, Makro, etc.",https://vivienda.conconcreto.com/proyectos/apartamentos-en-venta-barranquilla-sunset-boulevard/,11.0198781,-74.8403976
View Point Apartamentos,"https://sp-ao.shortpixel.ai/client/to_auto,q_glossy,ret_img,w_600/https://ospinas.com.co/wp-content/uploads/ospinas-logo-view-point-600x445.png",Villa Campestre,Puerto Colombia,Ospina & cia,"Calle 15b #13-47, Sabanilla Montecarmelo",6013267060,54,189000000,VIS,https://d3s5pkt10pk3ga.cloudfront.net/resizedImages/original/site/fincaraiz_service/media/listing/e7f00b44-89f6-4d27-8dfb-5bd2de7afaf8/photos/e7f00b44-89f6-4d27-8dfb-5bd2de7afaf8_1_True_6024330e-3b8e-40b2-876a-ceb27d65f55c.jpg,"A 10 minutos del norte de Barranquilla, Sobre la Carrera 51B, vía principal que conecta a Puerto Colombia con Barranquilla y el resto de municipios del sur del área metropolitana. A 5 minutos de las universidades: U. del Norte, U. Antonio Nariño, U. Libre, U.l Atlántico, U. Sergio Arboleda. A 10 minutos de la Clínica Portoazul. Frente al Centro Comercial Le Champ.",https://ospinas.com.co/portfolio-items/view-point/#,11.0184278,-74.86338959999999
